Фамилия;Имя, отчество;Login;Password;Role
Алексеев ;Владислав Аркадьевич;loginDEbct2018;Qg3gff;Клиент
Савельева ;Евфросиния Арсеньевна;loginDEvtg2018;ETMNzL;Администратор
Никонов ;Мэлс Лукьевич;loginDEuro2018;a1MIcO;Клиент
Горшкова ;Агафья Онисимовна;loginDEpst2018;0CyGnX;Клиент
Горбачёв ;Пантелеймон Германович;loginDEpsu2018;Vx9cQ{;Менеджер
Ершова ;Иванна Максимовна;loginDEzqs2018;qM9p7i;Менеджер
Туров ;Денис Геласьевич;loginDEioe2018;yMPu&2;Менеджер
Носова ;Наина Эдуардовна;loginDEcmk2018;3f+b0+;Администратор
Куликов ;Андрей Святославович;loginDEfsp2018;&dtlI+;Клиент
Нестеров ;Агафон Георгьевич;loginDExcd2018;SZXZNL;Клиент
Козлов ;Геласий Христофорович;loginDEvlf2018;O5mXc2;Менеджер
Борисова ;Анжелика Анатольевна;loginDEanv2018;Xiq}M3;Администратор
Суханов ;Станислав Фролович;loginDEzde2018;tlO3x&;Менеджер
Тетерина ;Феврония Эдуардовна;loginDEriv2018;GJ2mHL;Менеджер
Муравьёва ;Александра Ростиславовна;loginDEhcp2018;n2nfRl;Менеджер
Новикова ;Лукия Ярославовна;loginDEwjv2018;ZfseKA;Менеджер
Агафонова ;Лариса Михаиловна;loginDEiry2018;5zu7+};Менеджер
Сергеева ;Агата Юрьевна;loginDEgbr2018;}+Ex1*;Менеджер
Колобова ;Елена Евгеньевна;loginDExxv2018;+daE|T;Менеджер
Ситников ;Николай Филатович;loginDEbto2018;b1iYMI;Клиент
Белов ;Роман Иринеевич;loginDEfbs2018;v90Rep;Менеджер
Волкова ;Алла Лукьевна;loginDEple2018;WlW+l8;Администратор
Кудрявцева ;Таисия Игоревна;loginDEhhx2018;hmCHeQ;Менеджер
Семёнова ;Октябрина Христофоровна;loginDEayn2018;Ka2Fok;Менеджер
Смирнов ;Сергей Яковович;loginDEwld2018;y9HStF;Менеджер
Брагина ;Алина Валерьевна;loginDEhuu2018;X31OEf;Клиент
Евсеев ;Игорь Донатович;loginDEmjb2018;5mm{ch;Менеджер
Суворов ;Илья Евсеевич;loginDEdgp2018;1WfJjo;Менеджер
Котов ;Денис Мартынович;loginDEgyi2018;|7nYPc;Администратор
Бобылёва ;Юлия Егоровна;loginDEmvn2018;Mrr9e0;Клиент
Брагин ;Бронислав Георгьевич;loginDEfoj2018;nhGc+D;Администратор
Александров ;Владимир Дамирович;loginDEuuo2018;42XmH1;Клиент
Фокин ;Ириней Ростиславович;loginDEhsj2018;s+jrMW;Клиент
Воронов ;Митрофан Антонович;loginDEvht2018;zMyS8Z;Клиент
Маслов ;Мстислав Антонинович;loginDEeqo2018;l5CBqA;Клиент
Щербаков ;Георгий Богданович;loginDExrf2018;mhpRIT;Клиент
Кириллова ;Эмилия Федосеевна;loginDEfku2018;a1m+8c;Менеджер
Васильев ;Серапион Макарович;loginDExix2018;hzxtnn;Администратор
Галкина ;Олимпиада Владленовна;loginDEqrf2018;mI8n58;Менеджер
Яковлева ;Ксения Онисимовна;loginDEhlk2018;g0jSed;Клиент
Калашникова ;Александра Владимировна;loginDEwoe2018;yOtw2F;Администратор
Медведьева ;Таисия Тихоновна;loginDExyu2018;7Fg}9p;Клиент
Карпова ;Ольга Лукьевна;loginDEcor2018;2cIrC8;Клиент
Герасимов ;Мстислав Дамирович;loginDEqon2018;YeFbh6;Менеджер
Тимофеева ;Ксения Валерьевна;loginDEyfd2018;8aKdb0;Клиент
Горбунов ;Вячеслав Станиславович;loginDEtto2018;qXYDuu;Менеджер
Кошелева ;Кира Владиславовна;loginDEdal2018;cJWXL0;Менеджер
Панфилова ;Марина Борисовна;loginDEbjs2018;Xap2ct;Менеджер
Кудрявцев ;Матвей Игоревич;loginDEdof2018;kD|LRU;Менеджер
Зуев ;Эдуард Пантелеймонович;loginDEsnh2018;#ИМЯ?;Менеджер
