1,Алексеев,Владислав,Аркадьевич,loginDEbct2018,Qg3gff,1
2,Савельева ,Евфросиния,Арсеньевна,loginDEvtg2018,ETMNzL,3
3,Никонов ,Мэлс,Лукьевич,loginDEuro2018,a1MIcO,1
4,Горшкова ,Агафья,Онисимовна,loginDEpst2018,0CyGnX,1
5,Горбачёв,Пантелеймон,Германович,loginDEpsu2018,Vx9cQ{,2
6,Ершова ,Иванна,Максимовна,loginDEzqs2018,qM9p7i,2
7,Туров ,Денис,Геласьевич,loginDEioe2018,yMPu&2,2
8,Носова ,Наина,Эдуардовна,loginDEcmk2018,3f+b0+,3
9,Куликов ,Андрей,Святославович,loginDEfsp2018,&dtlI+,1
10,Нестеров ,Агафон,Георгьевич,loginDExcd2018,SZXZNL,1
11,Козлов ,Геласий,Христофорович,loginDEvlf2018,O5mXc2,2
12,Борисова ,Анжелика,Анатольевна,loginDEanv2018,Xiq}M3,3
13,Суханов ,Станислав,Фролович,loginDEzde2018,tlO3x&,2
14,Тетерина ,Феврония,Эдуардовна,loginDEriv2018,GJ2mHL,2
15,Муравьёва ,Александра,Ростиславовна,loginDEhcp2018,n2nfRl,2
16,Новикова ,Лукия,Ярославовна,loginDEwjv2018,ZfseKA,2
17,Агафонова ,Лариса,Михаиловна,loginDEiry2018,5zu7+},2
18,Сергеева ,Агата,Юрьевна,loginDEgbr2018,}+Ex1*,2
19,Колобова ,Елена,Евгеньевна,loginDExxv2018,+daE|T,2
20,Ситников ,Николай,Филатович,loginDEbto2018,b1iYMI,1
21,Белов ,Роман,Иринеевич,loginDEfbs2018,v90Rep,2
22,Волкова ,Алла,Лукьевна,loginDEple2018,WlW+l8,3
23,Кудрявцева ,Таисия,Игоревна,loginDEhhx2018,hmCHeQ,2
24,Семёнова ,Октябрина,Христофоровна,loginDEayn2018,Ka2Fok,2
25,Смирнов ,Сергей,Яковович,loginDEwld2018,y9HStF,2
26,Брагина ,Алина,Валерьевна,loginDEhuu2018,X31OEf,1
27,Евсеев ,Игорь,Донатович,loginDEmjb2018,5mm{ch,2
28,Суворов ,Илья,Евсеевич,loginDEdgp2018,1WfJjo,2
29,Котов ,Денис,Мартынович,loginDEgyi2018,|7nYPc,3
30,Бобылёва ,Юлия,Егоровна,loginDEmvn2018,Mrr9e0,1
31,Брагин ,Бронислав,Георгьевич,loginDEfoj2018,nhGc+D,3
32,Александров ,Владимир,Дамирович,loginDEuuo2018,42XmH1,1
33,Фокин ,Ириней,Ростиславович,loginDEhsj2018,s+jrMW,1
34,Воронов ,Митрофан,Антонович,loginDEvht2018,zMyS8Z,1
35,Маслов ,Мстислав,Антонинович,loginDEeqo2018,l5CBqA,1
36,Щербаков ,Георгий,Богданович,loginDExrf2018,mhpRIT,1
37,Кириллова ,Эмилия,Федосеевна,loginDEfku2018,a1m+8c,2
38,Васильев ,Серапион,Макарович,loginDExix2018,hzxtnn,3
39,Галкина ,Олимпиада,Владленовна,loginDEqrf2018,mI8n58,2
40,Яковлева ,Ксения,Онисимовна,loginDEhlk2018,g0jSed,1
41,Калашникова ,Александра,Владимировна,loginDEwoe2018,yOtw2F,3
42,Медведьева ,Таисия,Тихоновна,loginDExyu2018,7Fg}9p,1
43,Карпова ,Ольга,Лукьевна,loginDEcor2018,2cIrC8,1
44,Герасимов ,Мстислав,Дамирович,loginDEqon2018,YeFbh6,2
45,Тимофеева ,Ксения,Валерьевна,loginDEyfd2018,8aKdb0,1
46,Горбунов ,Вячеслав,Станиславович,loginDEtto2018,qXYDuu,2
47,Кошелева ,Кира,Владиславовна,loginDEdal2018,cJWXL0,2
48,Панфилова ,Марина,Борисовна,loginDEbjs2018,Xap2ct,2
49,Кудрявцев ,Матвей,Игоревич,loginDEdof2018,kD|LRU,2
50,Зуев ,Эдуард,Пантелеймонович,loginDEsnh2018,#ИМЯ?,2
444,Кошелева ,Кира,Владиславовна,manager,manager,2
